{"title":"Seegma","id":"47","meta":{"name":"Seegma","menu":"none","tab_menu":"events-menu","appZip":"https:\/\/s3-us-west-2.amazonaws.com\/myapppresserstorage\/wp-content\/uploads\/sites\/1479\/2018\/01\/07171840\/events-1.3.zip","app_update_version":1,"design":{"toolbar_background":"#1681ae","toolbar_color":"#f7d722","text_color":"#efefef","body_bg":"#444444","left_menu_bg":"","left_menu_text":"","left_menu_icons":"","button_text":"","button_background":"","link_color":"","headings_color":"","status_bar_bkg":"","custom_css":""},"light_status_bar":null,"menu_right":null,"rtl":null,"share":{"icon":{"hide":null}},"intro_slug":""},"ads":{"ios":{"banner":""},"android":{"banner":""}},"vendors":[],"segments":"","languages":"","default_language":"en","assets":{"header_logo":""},"menus":{"items":null,"name":""},"tab_menu":{"items":[{"title":"Home","page_id":"48","page_type":"html","list_route":null,"list_display":null,"favorites":null,"show_slider":"false","slide_route":null,"slug":"event-home","type":"apppages","url":"https:\/\/myapppresser.com\/seegma\/apppages\/event-home\/","extra_classes":"","target":"","class":"home","parent_id":"0"},{"title":"Speakers","page_id":"51","page_type":"list","list_route":"https:\/\/reactordev.com\/apv3\/wp-json\/wp\/v2\/speakers","list_display":"default","favorites":"true","show_slider":"false","slide_route":null,"slug":"speakers","type":"apppages","url":"https:\/\/myapppresser.com\/seegma\/apppages\/speakers\/","extra_classes":"","target":"","class":"people","parent_id":"0"},{"title":"Schedule","page_id":"50","page_type":"list","list_route":"https:\/\/reactordev.com\/apv3\/wp-json\/wp\/v2\/schedule","list_display":"default","favorites":"true","show_slider":"false","slide_route":null,"slug":"schedule","type":"apppages","url":"https:\/\/myapppresser.com\/seegma\/apppages\/schedule\/","extra_classes":"","target":"","class":"list","parent_id":"0"},{"title":"Map","page_id":"49","page_type":"html","list_route":null,"list_display":null,"favorites":null,"show_slider":"false","slide_route":null,"slug":"map","type":"apppages","url":"https:\/\/myapppresser.com\/seegma\/apppages\/map\/","extra_classes":"","target":"","class":"map","parent_id":"0"},{"title":"Tickets","page_id":"56","page_type":null,"list_route":null,"list_display":null,"favorites":null,"show_slider":null,"slide_route":null,"slug":"tickets","type":"custom","url":"https:\/\/reactordev.com\/apv3\/product\/apppresser-conference","extra_classes":"","target":"","class":"cart","parent_id":"0"}],"name":"Events Menu"},"side_menu_login":"","side_menu_force_login":"","wordpress_url":"","show_registration_link":"","registration_url":"","wp_site_addr":""}